0,1,2,3,4,5,6,7,8,9,10,11
man,search,against,that,jewish,mother,allies,that,keep,who,become,people
with,at,high,young,camp,after,love,up,how,over,for,woman
death,set,after,but,his,from,man,who,only,detective,at,dreams
has,an,who,life,survive,by,turned,they,friends,as,from,by
one,party,by,an,occupied,girl,quest,must,find,officer,five,society
mysterious,out,family,out,battle,with,on,family,of,an,human,at
murder,find,for,mother,who,husband,be,team,an,of,of,enemy
an,young,crime,for,spy,an,boy,son,for,is,relationship,young
who,causes,an,finds,from,young,father,an,meet,cop,boy,for
their,their,up,by,american,of,for,two,each,police,young,that
his,his,on,of,in,is,who,couple,them,in,love,he
lives,which,life,in,and,for,him,one,other,los,an,becomes
to,them,story,and,to,who,an,with,will,angeles,his,and
by,town,from,man,of,in,with,in,themselves,his,in,as
are,and,in,the,german,and,in,through,the,what,the,to
on,new,his,to,the,woman,of,and,they,day,to,his
in,in,to,when,during,the,and,of,and,with,and,in
and,of,and,he,ii,to,to,to,to,and,old,an
the,the,of,his,world,she,the,the,in,to,year,of
of,to,the,is,war,her,his,their,two,the,with,the
